{
  "project_info": {
    "project_number": "254308992964",
    "project_id": "fir-ameacadatabase-c3d31",
    "storage_bucket": "fir-ameacadatabase-c3d31.appspot.com"
  },
  "client": [
    {
      "client_info": {
        "mobilesdk_app_id": "1:254308992964:android:ab3405119fd4a5a050c691",
        "android_client_info": {
          "package_name": "br.feevale.ameacaambientaissqlite"
        }
      },
      "oauth_client": [
        {
          "client_id": "254308992964-5338coe40gsbggca23u1anqti4hvou69.apps.googleusercontent.com",
          "client_type": 3
        }
      ],
      "api_key": [
        {
          "current_key": "AIzaSyDiSehMFSYmt9P4CVio_HuJvYn7VKtj0O0"
        }
      ],
      "services": {
        "appinvite_service": {
          "other_platform_oauth_client": [
            {
              "client_id": "254308992964-5338coe40gsbggca23u1anqti4hvou69.apps.googleusercontent.com",
              "client_type": 3
            }
          ]
        }
      }
    }
  ],
  "configuration_version": "1"
}